<?xml version="1.0" encoding="UTF-8"?>
<beans xmlns="http://www.springframework.org/schema/beans"
	xmlns:xsi="http://www.w3.org/2001/XMLSchema-instance"
	xmlns:p="http://www.springframework.org/schema/p"
	xmlns:context="http://www.springframework.org/schema/context"
	xmlns:tx="http://www.springframework.org/schema/tx"
	xsi:schemaLocation="http://www.springframework.org/schema/beans http://www.springframework.org/schema/beans/spring-beans.xsd
						http://www.springframework.org/schema/context http://www.springframework.org/schema/context/spring-context.xsd
						http://www.springframework.org/schema/tx http://www.springframework.org/schema/tx/spring-tx.xsd">
	

    <context:component-scan base-package="com.spring.mvc.jdbc" />
	<!-- Support annotation -->
	<context:annotation-config />
	<!-- support annotation transaction -->
	<tx:annotation-driven
		transaction-manager="txManager" />
	<!-- declare datasource -->
	<bean id="dataSource" class="org.springframework.jdbc.datasource.DriverManagerDataSource">
		<property name="driverClassName" value="com.mysql.cj.jdbc.Driver" />
		<property name="url" value="jdbc:mysql://localhost:3306/usermanagement?useSSL=false" />
		<property name="username" value="root" />
		<property name="password" value="Kavitasakha" />
	</bean>
	<bean id="txManager"
		class="org.springframework.jdbc.datasource.DataSourceTransactionManager">
		<property name="dataSource" ref="dataSource" />
	</bean>
	<!-- spring jdbc template -->
	<bean id="jdbcTemplate"
		class="org.springframework.jdbc.core.JdbcTemplate">
		<property name="dataSource" ref="dataSource"></property>
	</bean>
	<!-- service -->
	<bean id="userDetailService"
		class="com.spring.mvc.jdbc.service.UserDetailServiceImpl" />
	<!-- dao -->
	<bean id="userDetailDao"
		class="com.spring.mvc.jdbc.dao.UserDetailDaoImpl" />
</beans>